Bâtiment 41,Salle 001,https://planning.univ-rennes1.fr/jsp/custom/modules/plannings/5YrkyrnO.shu
Bâtiment 41,Salle 002,https://planning.univ-rennes1.fr/jsp/custom/modules/plannings/x3d4bN3e.shu
Bâtiment 41,Salle 003,https://planning.univ-rennes1.fr/jsp/custom/modules/plannings/Xn08x0n7.shu
Bâtiment 41,Salle 004,https://planning.univ-rennes1.fr/jsp/custom/modules/plannings/KW7b8QnM.shu
Bâtiment 41,Salle 101,https://planning.univ-rennes1.fr/jsp/custom/modules/plannings/v3VXdmnb.shu
Bâtiment 41,Salle 102,https://planning.univ-rennes1.fr/jsp/custom/modules/plannings/ynA7O13w.shu
Bâtiment 41,Salle 103,https://planning.univ-rennes1.fr/jsp/custom/modules/plannings/E3e6VrY5.shu
Bâtiment 41,Salle 104,https://planning.univ-rennes1.fr/jsp/custom/modules/plannings/6YPXJ0Yv.shu
Bâtiment 42,Amphi l,https://planning.univ-rennes1.fr/jsp/custom/modules/plannings/wWxlBMW9.shu
Bâtiment 42,Amphi m,https://planning.univ-rennes1.fr/jsp/custom/modules/plannings/9n94xjYP.shu
Bâtiment 42,Amphi n,https://planning.univ-rennes1.fr/jsp/custom/modules/plannings/PnRXDv38.shu
